906357eav265fae1f03f501424blobse4a4cf95,PUT,6782976
260f35e1v27db857d18c062139blobs8ec12bee,PUT,1507328
260f35e1v243d989f7efeea160blobsf3d61a9f,PUT,20840448
260f35e1v24715bf52958c3568blobs4d21fddb,PUT,52412416
786b3803v2391b7d987551491eblobs52115f31,PUT,28229632
786b3803v2a055ee1cea4bd9fbblobsc777188d,PUT,140279808
786b3803v24715bf52d06c2db5blobsdfc826e2,PUT,1064960
ae280635v2987f5d81ad3ea282blobsf9de5384,PUT,367247360
906357eav271205c2a5d71d0bdblobs6b89d5ab,PUT,6160384
906357eav27db857d18c062139blobs583b60c9,PUT,13598720
906357eav24715bf52e97b21b3blobs0f7e0d6f,PUT,14663680
260f35e1v24715bf52f130e151blobs96aa731c,PUT,5160960
ae280635v23e712c1d2202921bblobsa1700c08,PUT,9617408
ae280635v2a39005bca88d89c6blobs456eed4c,PUT,114688
906357eav24e551f22f676b878manifests0d0e8224,PUT,16384
786b3803v2634674f17f6d9190blobs12146f33,PUT,704512
906357eav24715bf52f752ecd9blobsd3d5171b,PUT,3522560
260f35e1v24715bf52d06c2db5blobsb1dc940b,PUT,819200
786b3803v24715bf52adc9f988blobs7813bfcf,PUT,1966080
906357eav2dbe7d36cb3540033blobs20e3f83b,PUT,16384
260f35e1v24715bf52816098a2blobs4e8ba305,PUT,54394880
906357eav2dbe7d36c80222de2blobs05887a17,PUT,32768
786b3803v24715bf52f752ecd9blobsd3d5171b,PUT,3522560
786b3803v24715bf528329cd72blobsb056e5d1,PUT,358039552
ae280635v2b89d84c79311ee5dblobsd5d73358,PUT,194838528
906357eav24715bf52437c49dbblobsb1ca9623,PUT,16187392
786b3803v24715bf5215ab958dblobsab70e62e,PUT,2195456
786b3803v2d7b7aa44a7966eb0blobs3f49effb,PUT,9633792
906357eav24715bf5215ab958dblobsab70e62e,PUT,2195456
260f35e1v287aff85e160b1b37blobs4bb925db,PUT,43368448
ae280635v2dbe7d36cf2707ab3blobs0dc3f87b,PUT,21528576
ae280635v2dbe7d36c80222de2blobs20e3f83b,PUT,16384
ae280635v2634674f17f6d9190blobs8bb43161,PUT,278528
ae280635v24715bf52f1342e30blobs1f0092cd,PUT,54394880
ae280635v21b7abd9ef676b878manifests9a65e246,PUT,16384
260f35e1v2dbe7d36cf2707ab3blobs3cb1337a,PUT,32768
906357eav24715bf52d06c2db5blobs00e620c8,PUT,819200
260f35e1v2a623d8950bac394dblobs787b84e8,PUT,55967744
786b3803v2a39005bca88d89c6blobs456eed4c,PUT,114688
260f35e1v234a732d3d3ff0a45blobs3ca6656c,PUT,11157504
786b3803v2a623d8950bac394dblobs787b84e8,PUT,55967744
906357eav2634674f12ad38f73blobs33b80143,PUT,128532480
260f35e1v2dbe7d36ca48bbe32blobsd83e3adc,PUT,32768
260f35e1v29343aaad667ee6aablobse4bcdde4,PUT,357416960
906357eav24715bf52d06c2db5blobsdfc826e2,PUT,1064960
260f35e1v2d7b7aa44a7966eb0blobs0db9ac39,PUT,344064
786b3803v22dfc28e86e238809blobs61dcc85e,PUT,41828352
260f35e1v24715bf52437c49dbblobs2b1521eb,PUT,51478528
ae280635v243d989f7efeea160blobs4524ad36,PUT,1343488
906357eav24715bf52d06c2db5blobsb1dc940b,PUT,819200
906357eav2dbe7d36cbf56ec42blobsb6cae308,PUT,32768
260f35e1v2ddd5c753255ff65eblobs83433e65,PUT,11059200
ae280635v24715bf52437c49dbblobsb1ca9623,PUT,16187392
260f35e1v24715bf5215ab958dblobs476d5299,PUT,655360
906357eav275ae534ffc6a8075blobs5770ae30,PUT,86065152
906357eav2fd8f8db1e9680666blobs39210de1,PUT,6520832
786b3803v24715bf52437c49dbblobs2b1521eb,PUT,51478528
786b3803v29e3a296a276c1442blobs9bc4cc5e,PUT,2244608
906357eav24715bf52437c49dbblobs46ce9891,PUT,86900736
786b3803v20a4f72cbblobs1737a7e3,PUT,95682560
906357eav22cc50f011a5446cfblobsfcf45c0a,PUT,27918336
906357eav2987f5d816568b096blobsa70a646d,PUT,57720832
260f35e1v24715bf526c932ed6blobs75803e79,PUT,54394880
ae280635v24715bf5215ab958dblobsab70e62e,PUT,2195456
260f35e1v24715bf52f752ecd9blobsd3d5171b,PUT,3522560
786b3803v2b89d84c79311ee5dblobsc2150212,PUT,327680
906357eav2dbe7d36c80222de2blobs76278c90,PUT,1277952
906357eav2987f5d816568b096blobs8c1ca4ec,PUT,8159232
786b3803v24715bf5298b638a6blobs2bee5a5e,PUT,294912
ae280635v2dbe7d36cb3540033blobs3ad76da0,PUT,49152
260f35e1v2dbe7d36c3b89b11bblobs76278c90,PUT,1277952
786b3803v2dbe7d36cf2707ab3blobsd365610d,PUT,4931584
786b3803v24715bf52f1a956c4blobs2920670e,PUT,9338880
906357eav2dbe7d36c80222de2blobsf1a5e3b5,PUT,32768
260f35e1v2dbe7d36c80222de2manifests06604a35,PUT,16384
906357eav2e61a934afb4d3250blobs2055899b,PUT,22052864
786b3803v24715bf52d06c2db5blobsb1dc940b,PUT,819200
786b3803v24715bf5215f44cc0blobs7813bfcf,PUT,1966080
906357eav24715bf528f12f8beblobs476d5299,PUT,655360
906357eav2987f5d81373551fablobs5ed615da,PUT,1376256
906357eav24715bf52958c3568blobs4d21fddb,PUT,52412416
906357eav24715bf52cfb550eablobsc6b3c796,PUT,54394880
906357eav2a39005bca88d89c6blobs56b7c17d,PUT,2228224
260f35e1v2987f5d81ad3ea282blobs62181d2e,PUT,5160960
906357eav2e61a934afb4d3250blobs63e35f11,PUT,5865472
786b3803v24715bf52958c3568blobs4d21fddb,PUT,52412416
906357eav2dbe7d36ca48bbe32blobs6ce70e10,PUT,32768
906357eav2634674f17f6d9190blobs42a68e85,PUT,4964352
786b3803v24715bf528329cd72blobsaa6355b2,PUT,448905216
786b3803v24715bf528f12f8beblobs39c803c6,PUT,10764288
906357eav2dbe7d36cb3540033blobs9204bbbd,PUT,37994496
906357eav24715bf52675f34eablobsb71ffa6b,PUT,54394880
786b3803v2ddd5c753255ff65eblobs5cc11786,PUT,132939776
786b3803v2e61a934aec3a72f3blobs77f39ca7,PUT,884736
ae280635v2e61a934aec3a72f3blobsc8900081,PUT,9240576
786b3803v2cbaf9fc66713d50cblobs8a04ab9a,PUT,6504448
906357eav275ae534ffc6a8075blobsf05622c0,PUT,22331392
906357eav2dbe7d36ca48bbe32blobs466abef1,PUT,27688960
786b3803v24715bf52e97b21b3blobs314f0020,PUT,15548416
ae280635v2d7b7aa44a7966eb0blobs77035c19,PUT,16384
ae280635v24715bf523e7f2e09blobsfede26df,PUT,1900544
260f35e1v2dbe7d36c3b89b11bblobsd365610d,PUT,4931584
ae280635v2dbe7d36ca48bbe32blobs8e4bf568,PUT,182452224
906357eav2a39005bca88d89c6blobs1f8f924a,PUT,1867776
906357eav2634674f17f6d9190blobs8bb43161,PUT,278528
906357eav2987f5d81ad3ea282blobs4cd7afff,PUT,5160960
260f35e1v2dbe7d36c9cd71999blobs6a6e2169,PUT,49152
786b3803v2a7a10a36296ded1ablobs055ea88b,PUT,43499520
260f35e1v24715bf52958c3568blobs322f7875,PUT,65536
906357eav2dbe7d36c3b89b11bblobs3525c58f,PUT,737280
ae280635v24715bf52461d075bblobs69b96128,PUT,54394880
906357eav29e3a296a276c1442blobsbc7b2b34,PUT,19169280
906357eav2afbc7de72989ef7eblobs10b3f93a,PUT,589824
260f35e1v24715bf52958c3568blobs1c91392a,PUT,2310144
ae280635v24715bf52437c49dbblobs2c96e307,PUT,30720000
ae280635v2634674f12ad38f73blobs74c47100,PUT,16384
ae280635v2b89d84c79311ee5dblobscc89c989,PUT,25116672
260f35e1v24715bf522146d39cblobs384fb483,PUT,54394880
786b3803v27db857d18447fe65blobsa847a5c0,PUT,4341760
260f35e1v2391b7d987551491eblobs2a94bc3c,PUT,901120
786b3803v2a7a10a360c2c376bblobs6c2c8499,PUT,65536
786b3803v2d7b7aa44a7966eb0blobsdb941b8c,PUT,720896
260f35e1v29e3a296a3c308e95blobsbace5a30,PUT,9879552
906357eav2dbe7d36c80222de2blobs850cde6e,PUT,3244032
ae280635v24715bf52958c3568blobsc8f46a24,PUT,2080768
906357eav2987f5d816568b096blobsfe37ccd0,PUT,9568256
ae280635v24715bf52d06c2db5blobs00e620c8,PUT,819200
906357eav242663f80cd74e86cblobsb309cead,PUT,53903360
906357eav24715bf52437c49dbblobs326ceca2,PUT,32768
906357eav2dbe7d36c9cd71999blobscb3ec572,PUT,78348288
906357eav2dbe7d36c3b89b11bblobs20e3f83b,PUT,16384
906357eav2987f5d816568b096blobs73663ef6,PUT,22740992
ae280635v29343aaad667ee6aablobs985d96e2,PUT,357482496
906357eav29e3a296a3c308e95blobs0b7d52a7,PUT,9879552
906357eav24715bf52c213a65ablobsfede26df,PUT,1900544
786b3803v24715bf521b803c04blobsd4e2db86,PUT,2310144
ae280635v2dbe7d36c9802ca66blobs0a77f7f3,PUT,32768
906357eav2dbe7d36c9cd71999blobs07d64717,PUT,32768
ae280635v24715bf521774907eblobsde387b23,PUT,54394880
906357eav24715bf52ad58dfd1blobs1148d88e,PUT,54394880
ae280635v24715bf525da982beblobs21fbd511,PUT,26443776
260f35e1v2987f5d8165ef0a2eblobsa13befb6,PUT,7684096
906357eav2634674f17f6d9190blobs55161acb,PUT,32653312
906357eav24715bf52bf2c89b1blobs8e8d4793,PUT,17743872
906357eav2dbe7d36c3b89b11bblobs5716585a,PUT,27688960
906357eav2dbe7d36c80222de2blobs3ad76da0,PUT,49152
260f35e1v2d7b7aa44a7966eb0blobs63417436,PUT,21872640
260f35e1v24715bf52d0d4132cblobs185ee347,PUT,54394880
906357eav2ddd5c753255ff65eblobs2c3a81f0,PUT,11059200
ae280635v24715bf52fcc89c70blobse235b80f,PUT,54394880
260f35e1v27db857d135117055blobsc3542518,PUT,1507328
ae280635v24715bf52437c49dbblobs46ce9891,PUT,86900736
906357eav24715bf52958c3568blobs6f964d32,PUT,3342336
906357eav24715bf521b803c04blobsd4e2db86,PUT,2310144
260f35e1v2d7b7aa44a7966eb0blobsc8e6dc6a,PUT,5062656
ae280635v2634674f1613de3f7blobsd34d382e,PUT,294912
906357eav24715bf526c932ed6blobs81e5ba9b,PUT,1982464
ae280635v24715bf52f752ecd9blobscd8095ec,PUT,9388032
786b3803v234a732d3d3ff0a45blobs2bfe2569,PUT,36601856
ae280635v2634674f163a4945dblobs9e4ded82,PUT,16384
260f35e1v27db857d18447fe65blobs5bba2dfc,PUT,17924096
ae280635v242663f80cd74e86cblobs5cf1033b,PUT,557056
786b3803v24715bf52f130e151blobs6053e0a9,PUT,28606464
906357eav24715bf528f12f8beblobs39c803c6,PUT,10764288
786b3803v2634674f163a4945dblobs226deac9,PUT,278528
ae280635v2dbe7d36c80222de2blobs353b19d4,PUT,32768
786b3803v24715bf52437c49dbblobs311c37c5,PUT,84459520
ae280635v29e3a296a3c308e95blobs0b7d52a7,PUT,9879552
ae280635v24715bf52db92aaf6blobs81e5ba9b,PUT,1982464
786b3803v2a623d8950bac394dblobsb2649cac,PUT,55967744
786b3803v2634674f17f6d9190blobsca0b59a4,PUT,4833280
786b3803v2e40b12f8e2e201bbblobs0849f90d,PUT,2162688
260f35e1v24715bf52e97b21b3blobsaf5ed350,PUT,9027584
260f35e1v2dbe7d36c9cd71999blobsa692e0f1,PUT,151633920
ae280635v2cbaf9fc66713d50cblobs76fb5365,PUT,4259840
786b3803v24715bf52e5f7a626blobs60fe3c4d,PUT,1916928
786b3803v2d7b7aa44a7966eb0blobs0a52eb94,PUT,236584960
906357eav27db857d18c062139blobsaa10c385,PUT,19791872
ae280635v2bb977c48blobs0e6cc372,PUT,62947328
260f35e1v2e40b12f83d82760cblobsa1074712,PUT,1622016
260f35e1v2dbe7d36c80222de2blobs8bd93109,PUT,182452224
ae280635v29343aaad667ee6aablobsb25438a7,PUT,357482496
ae280635v2ce45f4554baf1f3fblobs0af6b4b3,PUT,5390336
ae280635v24715bf52e2084391blobs637c410c,PUT,72876032
260f35e1v2bb977c48blobsc51ce37d,PUT,262144
ae280635v24715bf521b803c04blobsfba0c3a6,PUT,147456
ae280635v24715bf52958c3568blobs1c91392a,PUT,2310144
786b3803v24715bf52d06c2db5blobs00e620c8,PUT,819200
906357eav292fc6f56dc3a0f0bblobs55882a83,PUT,342114304
906357eav24715bf5241c6310eblobs2887f106,PUT,54394880
ae280635v2cbaf9fc66713d50cblobs36665c95,PUT,53280768
ae280635v24715bf5215f44cc0blobs70741fdf,PUT,54394880
ae280635v29343aaad667ee6aablobs3449ee10,PUT,65880064
ae280635v23e712c1d2202921bblobsd4c3de6e,PUT,1179648
906357eav2dbe7d36c3b89b11bblobsab0ecfc4,PUT,393216
ae280635v2579467ad9b00de2bblobsa505e96a,PUT,901120
786b3803v2a2b1dffcf676b878manifests0fe7f24d,PUT,16384
786b3803v24715bf52437c49dbblobs326ceca2,PUT,32768
906357eav20a4f72cbblobs72da8ed6,PUT,14417920
786b3803v24715bf521b803c04blobsfba0c3a6,PUT,147456
260f35e1v24715bf52e97b21b3blobs0806e579,PUT,2949120
786b3803v24715bf52fcc89c70blobs7813bfcf,PUT,1966080
906357eav2afbc7de72989ef7eblobs49c1aaf1,PUT,117899264
260f35e1v2a623d8950bac394dblobsc222bcda,PUT,55967744
260f35e1v2ce45f4554baf1f3fblobs69b788a8,PUT,16154624
906357eav2a7a10a36296ded1ablobs7efbb989,PUT,10698752
786b3803v2634674f17f6d9190blobs19d812c4,PUT,107757568
ae280635v24e551f22f676b878manifests0d0e8224,PUT,16384
260f35e1v24715bf52f1a956c4blobs2920670e,PUT,9338880
786b3803v2634674f17f6d9190blobs7afc647e,PUT,7946240
260f35e1v2dbe7d36ca48bbe32blobs21b96b6e,PUT,16580608
906357eav2dbe7d36c9cd71999blobs5716585a,PUT,27688960
ae280635v2dbe7d36c80222de2blobsa972950c,PUT,9764864
260f35e1v24715bf52437c49dbblobseab5ffd5,PUT,16187392
260f35e1v24715bf52a86e116cblobs5a969436,PUT,54394880
786b3803v2a39005bca88d89c6blobs21ec0975,PUT,196608
906357eav2987f5d81043bb98bblobs5258102e,PUT,8388608
260f35e1v2d7b7aa44a7966eb0blobs50b14bf8,PUT,121733120
786b3803v24715bf52966c5186blobs81e5ba9b,PUT,1982464
906357eav27a5e9de8a05234ccblobs78e0cfa0,PUT,327680
260f35e1v22dfc28e86e238809blobsbf157fdb,PUT,3457024
ae280635v2a623d8954d8bc6d2blobsf7aa4f6f,PUT,55197696
ae280635v24715bf52f87592f4blobs81e5ba9b,PUT,1982464
260f35e1v24715bf5241c6310eblobs2887f106,PUT,54394880
ae280635v24715bf52e97b21b3blobs0806e579,PUT,2949120
ae280635v2a7a10a360c2c376bblobs8566b015,PUT,65699840
786b3803v24715bf521b803c04blobsceee557d,PUT,2097152
906357eav2987f5d81ad3ea282blobs4da8f0c2,PUT,225198080
906357eav24715bf52e445ff36blobsa87d06de,PUT,54394880
ae280635v2d7b7aa44a7966eb0blobs65ba7a9c,PUT,33898496
786b3803v2634674f12ad38f73blobs19f78906,PUT,3768320
260f35e1v242663f802ec6d627blobs597a8603,PUT,20316160
906357eav292256b6a4d5d17a6blobseb0ab553,PUT,1048576
906357eav2bb977c48blobs4a432279,PUT,11747328
786b3803v24715bf52437c49dbblobs2c96e307,PUT,30720000
906357eav2634674f1613de3f7blobse4cdf4cc,PUT,737280
260f35e1v24715bf52958c3568blobs6f964d32,PUT,3342336
ae280635v27db857d135117055blobs2e078a79,PUT,19791872
906357eav2987f5d81ad3ea282blobs11ba87cd,PUT,9175040
ae280635v2dbe7d36ca48bbe32blobs953f6ad3,PUT,163840
ae280635v24715bf52d0d4132cblobs185ee347,PUT,54394880
260f35e1v24715bf52e5f7a626blobs60fe3c4d,PUT,1916928
260f35e1v24715bf528f12f8beblobs476d5299,PUT,655360
906357eav24715bf52958c3568blobsc8f46a24,PUT,2080768
906357eav24715bf52437c49dbblobs2b1521eb,PUT,51478528
ae280635v27db857d135117055blobs24ebd291,PUT,19791872
ae280635v2634674f1613de3f7blobse4cdf4cc,PUT,737280
906357eav2a2b1dffcf676b878manifests0fe7f24d,PUT,16384
906357eav2e4f1b1744255c284blobs898c8008,PUT,7028736
906357eav2c33d5e4dda97b715blobse8aa618f,PUT,163840
906357eav2dbe7d36c9802ca66blobs57a163e5,PUT,3817472
ae280635v24715bf5289374b24blobs47a1696d,PUT,54394880
260f35e1v27db857d18c062139blobsb2c97fbe,PUT,1507328
906357eav286b66d05d5a66afablobs68be1e4e,PUT,65699840
260f35e1v2e40b12f8e2e201bbblobs4e858feb,PUT,2162688
906357eav24715bf52958c3568blobs322f7875,PUT,65536
260f35e1v234a732d3d3ff0a45blobsf70c9b22,PUT,36601856
260f35e1v24715bf5215ab958dblobsab70e62e,PUT,2195456
ae280635v2ce45f4554baf1f3fblobs7aae85e7,PUT,3325952
ae280635v24715bf52adc9f988blobsb779af17,PUT,54394880
260f35e1v27db857d135117055blobs24ebd291,PUT,19791872
ae280635v2391b7d987551491eblobs499da2dd,PUT,10780672
786b3803v2a39005bca88d89c6blobs6353f9aa,PUT,671744
906357eav24715bf521b803c04blobsfba0c3a6,PUT,147456
786b3803v2dbe7d36c9cd71999blobs05887a17,PUT,32768
786b3803v2634674f17f6d9190blobs42a68e85,PUT,4964352
906357eav2dbe7d36c9cd71999blobs20e3f83b,PUT,16384
906357eav21b7abd9e0f1d3222manifestsf4a0abbe,PUT,16384
260f35e1v24715bf52e97b21b3blobs0f7e0d6f,PUT,14663680
ae280635v24715bf52a86e116cblobsfede26df,PUT,1900544
906357eav2e40b12f8e2e201bbblobsdabf280a,PUT,36782080
786b3803v2dbe7d36c9cd71999blobsf52ec050,PUT,107085824
ae280635v2634674f163a4945dblobs967be10e,PUT,16384
260f35e1v24e551f22f676b878manifests0d0e8224,PUT,16384
906357eav2a39005bca88d89c6blobs8e8e23bf,PUT,2244608
260f35e1v24715bf52437c49dbblobs73d03345,PUT,32768
786b3803v2d7b7aa44a7966eb0blobs2dab6f41,PUT,89079808
260f35e1v2987f5d8143b8c61ablobs44131e1f,PUT,10469376
ae280635v2b89d84c79311ee5dblobs9eabcf06,PUT,170737664
ae280635v24715bf52f752ecd9blobsd3d5171b,PUT,3522560
786b3803v24715bf52bf2c89b1blobs8e8d4793,PUT,17743872
260f35e1v24715bf52437c49dbblobs326ceca2,PUT,32768
260f35e1v2a7a10a360c2c376bblobs7efbb989,PUT,10698752
906357eav2a623d8950bac394dblobsb2649cac,PUT,55967744
786b3803v2a39005bca88d89c6blobs1f8f924a,PUT,1867776
260f35e1v247cbd87430ad2d4cmanifests817c8a39,PUT,16384
786b3803v2a39005bca88d89c6blobs8e8e23bf,PUT,2244608
906357eav2c5592c212a4f3530blobse29d3d61,PUT,88768512
906357eav2dbe7d36cf2707ab3blobs3a2c2429,PUT,13123584
906357eav2c33d5e4dda97b715blobs0cb9cc8d,PUT,16384
ae280635v24715bf521b803c04blobsd4e2db86,PUT,2310144
786b3803v2dbe7d36ca48bbe32blobs16f6a2e0,PUT,4931584
ae280635v2a2b1dffcf676b878manifests0fe7f24d,PUT,16384
ae280635v24715bf527627bf6fblobs81e5ba9b,PUT,1982464
906357eav24715bf5267949e4dblobs4fe49cfa,PUT,54394880
ae280635v2a39005bca88d89c6blobs574e84f2,PUT,20365312
ae280635v24715bf52958c3568blobs6f964d32,PUT,3342336
260f35e1v2ddd5c753255ff65eblobs70b8b36b,PUT,11059200
906357eav24715bf52f1a956c4blobs2920670e,PUT,9338880
260f35e1v20a4f72cbblobs6423b995,PUT,65536
ae280635v2bb977c48blobse1db5ccc,PUT,30539776
ae280635v20a4f72cbblobs91e9a717,PUT,65699840
260f35e1v24715bf52f1a956c4blobsf292358a,PUT,671744
786b3803v2cbaf9fc66713d50cblobs061240df,PUT,2162688
ae280635v24715bf5298b638a6blobs2bee5a5e,PUT,294912
260f35e1v24715bf525da982beblobs21fbd511,PUT,26443776
260f35e1v2987f5d81ad3ea282blobsa242b3c5,PUT,65536
906357eav2dbe7d36cb3540033blobsa972950c,PUT,9764864
260f35e1v24715bf527627bf6fblobs96fb733d,PUT,54394880
906357eav24715bf52e97b21b3blobs314f0020,PUT,15548416
786b3803v24715bf52e97b21b3blobs376f456b,PUT,2490368
ae280635v29e3a296a276c1442blobs097d0fcd,PUT,16384
ae280635v24715bf521b803c04blobsceee557d,PUT,2097152
ae280635v24715bf52d06c2db5blobsdfc826e2,PUT,1064960
786b3803v2d8c278fd788cd9d0blobs73350c03,PUT,3162112
786b3803v23e712c1d2202921bblobs65b88179,PUT,344064
786b3803v2634674f17f6d9190blobs85c27079,PUT,19578880
786b3803v2634674f11c037e12blobs0efc33a8,PUT,720896
786b3803v2a39005bca88d89c6blobs0d9bb1f5,PUT,671744
260f35e1v24715bf52aa90172eblobs2c10af31,PUT,851968
ae280635v2ddd5c753255ff65eblobs70b8b36b,PUT,11059200
260f35e1v2dbe7d36c3b89b11bblobs85f06278,PUT,1146880
ae280635v24715bf52958c3568blobs322f7875,PUT,65536
906357eav24715bf525da982beblobs21fbd511,PUT,26443776
ae280635v24715bf52f1a956c4blobs2920670e,PUT,9338880
906357eav2dbe7d36c3b89b11bmanifests58b83418,PUT,16384
786b3803v2a39005bca88d89c6blobscba2db9c,PUT,32768
786b3803v2dbe7d36c80222de2blobscb3ec572,PUT,78348288
906357eav2afbc7de72989ef7eblobs9c78ce28,PUT,278528
260f35e1v24715bf522338cb37blobs181f7d80,PUT,54394880
786b3803v2634674f17f6d9190blobsb7955ce2,PUT,16384
906357eav2afbc7de72989ef7emanifests817c8a39,PUT,49152
ae280635v2634674f163a4945dblobsac849c0a,PUT,15024128
ae280635v2776416c389cc738dblobsd791b91e,PUT,10240000
786b3803v2dbe7d36c80222de2blobsf4e64d2d,PUT,91504640
260f35e1v2a39005bca88d89c6blobs0d9bb1f5,PUT,671744
260f35e1v2987f5d8143b8c61ablobs4e038fa2,PUT,47415296
ae280635v24715bf521774907eblobs49bf781d,PUT,1982464
ae280635v24715bf526c932ed6blobs81e5ba9b,PUT,1982464
786b3803v2dbe7d36c9cd71999blobs58da17e3,PUT,8568832
260f35e1v24715bf521b803c04blobsd4e2db86,PUT,2310144
906357eav2ddd5c753255ff65eblobsaf846e35,PUT,132939776
ae280635v24715bf52437c49dbblobs326ceca2,PUT,32768
ae280635v2e61a934aec3a72f3blobs5f81cd75,PUT,2375680
906357eav2e61a934afb4d3250blobsf9d26f88,PUT,2375680
260f35e1v2a623d895903229d6blobsa82d6fee,PUT,49577984
260f35e1v24715bf5298b638a6blobs2bee5a5e,PUT,294912
260f35e1v24715bf52958c3568blobsc8f46a24,PUT,2080768
ae280635v2d7b7aa44a7966eb0blobs69a85737,PUT,13565952
786b3803v2a39005bca88d89c6blobs574e84f2,PUT,20365312
260f35e1v24715bf52437c49dbblobs46ce9891,PUT,86900736
ae280635v2b89d84c79311ee5dblobs17b6682d,PUT,43204608
786b3803v2e61a934aec3a72f3blobse6a454c9,PUT,17121280
906357eav24e551f220f1d3222manifests5be8c83d,PUT,16384
906357eav2634674f17f6d9190blobsb7955ce2,PUT,16384
ae280635v2a39005bca88d89c6blobs6b9bf863,PUT,23822336
786b3803v24715bf52e97b21b3blobs0806e579,PUT,2949120
906357eav24715bf521b4dbb28blobs92283d53,PUT,54394880
ae280635v2dbe7d36c3b89b11bblobsead5a9d5,PUT,16384
906357eav2ddd5c753255ff65eblobsc12fe487,PUT,33767424
ae280635v292fc6f56dc3a0f0bblobs5a2e606a,PUT,16384
906357eav2dbe7d36c3b89b11bblobscb3ec572,PUT,78348288
ae280635v24715bf52adc9f988blobs7813bfcf,PUT,1966080
906357eav2987f5d8139fc9cbbblobs3969a1e6,PUT,11976704
786b3803v2634674f163a4945dblobs967be10e,PUT,16384
260f35e1v24715bf52e2084391blobsff1179f5,PUT,9830400
786b3803v2987f5d81ad3ea282blobs7f602b91,PUT,9420800
260f35e1v2dbe7d36ca48bbe32blobsad5dd606,PUT,16384
260f35e1v2a39005bca88d89c6blobs56b7c17d,PUT,2228224
ae280635v21b7abd9e0f1d3222manifestsf4a0abbe,PUT,16384
786b3803v24715bf52db92aaf6blobs313322e9,PUT,54394880
906357eav2634674f17f6d9190blobs19d812c4,PUT,107757568
906357eav29e1da763262efc8ablobsc2b11909,PUT,135217152
ae280635v247cbd87430ad2d4cmanifests817c8a39,PUT,16384
260f35e1v24e551f220f1d3222manifests5be8c83d,PUT,16384
786b3803v2dbe7d36cf2707ab3blobs3ad76da0,PUT,49152
906357eav2a39005bca88d89c6blobs21ec0975,PUT,196608
260f35e1v2d7b7aa44a7966eb0blobs7b05bab7,PUT,278528
ae280635v24715bf521a935c4bblobs81e5ba9b,PUT,1982464
ae280635v24715bf52e97b21b3blobs314f0020,PUT,15548416
260f35e1v2a2b1dffcf676b878manifests0fe7f24d,PUT,16384
260f35e1v21b7abd9ef676b878manifests9a65e246,PUT,16384
786b3803v2dbe7d36c80222de2blobs3525c58f,PUT,737280
260f35e1v24715bf52f130e151blobs6053e0a9,PUT,28606464
906357eav2987f5d81ad3ea282blobsb03352eb,PUT,26918912
906357eav2d8c278fd788cd9d0blobs44a5b96f,PUT,40943616
906357eav27a5e9de8a05234ccblobsde91fdf5,PUT,65536
260f35e1v24715bf523464b00bblobs81e5ba9b,PUT,1982464
906357eav2634674f163a4945dblobsa787a753,PUT,125108224
260f35e1v24715bf52d06c2db5blobs00e620c8,PUT,819200
906357eav24715bf52ee97b078blobs22e250f9,PUT,54394880
786b3803v2a39005bca88d89c6blobscdfb5339,PUT,65536
ae280635v24715bf52e97b21b3blobs376f456b,PUT,2490368
260f35e1v2dbe7d36c80222de2blobs85f06278,PUT,1146880
906357eav24715bf52ed90a0bablobs9b589b51,PUT,54394880
906357eav2987f5d816568b096blobs2f543875,PUT,3440640
786b3803v24715bf52f752ecd9blobscd8095ec,PUT,9388032
260f35e1v22dfc28e86e238809blobsd93fbc9d,PUT,3457024
ae280635v24715bf52d06c2db5blobsfede26df,PUT,1900544
906357eav2579467ad9b00de2bblobs2ba8d3f3,PUT,87965696
906357eav29e3a296a276c1442blobs77cc231b,PUT,52477952
260f35e1v2dbe7d36cf2707ab3blobs18c08064,PUT,151633920
906357eav2d8c278fd788cd9d0blobsab2e02f8,PUT,16384
ae280635v2d7b7aa44a7966eb0blobs44fbbeb2,PUT,8142848
906357eav2987f5d81453445a6blobsebca4b70,PUT,147456
906357eav2dbe7d36cb3540033blobs18c08064,PUT,151633920
ae280635v2391b7d987551491eblobs63a27ec0,PUT,67305472
ae280635v22cc50f011a5446cfblobs7aeaef70,PUT,5652480
906357eav2d8c278fd788cd9d0blobs73350c03,PUT,3162112
ae280635v24715bf52aa90172eblobs5ccda255,PUT,1818624
ae280635v24715bf52d8ee5cdablobs3084e703,PUT,54394880
786b3803v2e40b12f83d82760cblobs9444ab96,PUT,68943872
906357eav2634674f17f6d9190blobs256bdbab,PUT,238272512
906357eav2afbc7de72989ef7eblobs05ffd7af,PUT,344064
786b3803v2dbe7d36c80222de2blobsd28838fd,PUT,49152
260f35e1v292256b6a4d5d17a6blobseb0ab553,PUT,1048576
ae280635v2bb977c48blobs06d85dc3,PUT,110215168
ae280635v2e40b12f83d82760cblobsafeba486,PUT,9682944
260f35e1v24715bf521774907eblobs49bf781d,PUT,1982464
906357eav2dbe7d36c3b89b11bblobsf1a5e3b5,PUT,32768
906357eav20147cb3413e285f6blobsbe6b4158,PUT,12664832
260f35e1v2dbe7d36c9cd71999blobs47af085b,PUT,163840
ae280635v24715bf528f12f8beblobs476d5299,PUT,655360
ae280635v24715bf52e97b21b3blobs0f7e0d6f,PUT,14663680
786b3803v24715bf523e7f2e09blobs48807d28,PUT,54394880
906357eav24715bf520aac6883blobs81e5ba9b,PUT,1982464
786b3803v24715bf52d0d4132cblobs81e5ba9b,PUT,1982464
786b3803v24715bf52f1a956c4blobsf292358a,PUT,671744
786b3803v24e551f220f1d3222manifests5be8c83d,PUT,16384
906357eav2634674f1613de3f7blobsed7a6c63,PUT,94404608
906357eav24715bf52e5f7a626blobs60fe3c4d,PUT,1916928
786b3803v24715bf52958c3568blobs6f964d32,PUT,3342336
ae280635v2987f5d8143b8c61ablobsdd2fbdca,PUT,884736
786b3803v24715bf52f752ecd9blobs4787608f,PUT,1900544
906357eav24715bf521b803c04blobsceee557d,PUT,2097152
786b3803v2dbe7d36c9cd71999blobs7526313c,PUT,49152
ae280635v2987f5d81ad3ea282blobsf452018e,PUT,5144576
ae280635v2a623d895903229d6blobsa82d6fee,PUT,49577984
ae280635v2b89d84c79311ee5dblobs37e2f0b0,PUT,9519104
260f35e1v2a39005bca88d89c6blobscba2db9c,PUT,32768
260f35e1v2dbe7d36c9802ca66blobsd365610d,PUT,4931584
260f35e1v2a39005bca88d89c6blobsd0876265,PUT,110198784
906357eav21c38dccd54b1363fblobs57b32558,PUT,12517376
906357eav24715bf52cfb550eablobs7813bfcf,PUT,1966080
786b3803v24715bf52aa90172eblobsa2d9ff6c,PUT,851968
260f35e1v2dbe7d36ca48bbe32blobs2d8cda87,PUT,151633920
260f35e1v2987f5d81043bb98bblobsbce1954d,PUT,147456
906357eav2987f5d812056a353blobseed7b309,PUT,1376256
786b3803v20a4f72cbblobsa7c3ba55,PUT,14385152
906357eav24715bf52d65ea013blobs69b96128,PUT,54394880
ae280635v24715bf52fffffca8blobs704cda4a,PUT,54394880
906357eav2b97963efad81bd7cblobs78af9a1b,PUT,131072
260f35e1v2ddd5c753255ff65eblobsfac5f6c4,PUT,22102016
ae280635v24715bf52eeadb25bblobs317f172b,PUT,54394880
786b3803v24715bf52437c49dbblobsb1ca9623,PUT,16187392
260f35e1v24715bf52f1342e30blobs81e5ba9b,PUT,1982464
ae280635v24715bf52966c5186blobscf77ad91,PUT,54394880
906357eav2dbe7d36cb3540033blobs5716585a,PUT,27688960
260f35e1v2a39005bca88d89c6blobs21ec0975,PUT,196608
786b3803v24715bf52e97b21b3blobs0f7e0d6f,PUT,14663680
260f35e1v2dbe7d36c80222de2blobsd365610d,PUT,4931584
ae280635v24715bf52437c49dbblobs2b1521eb,PUT,51478528
260f35e1v2a39005bca88d89c6blobscdfb5339,PUT,65536
906357eav2634674f17f6d9190blobs12146f33,PUT,704512
906357eav2634674f11c037e12blobs4675fc70,PUT,15269888
ae280635v24715bf5241c6310eblobs49bf781d,PUT,1982464
ae280635v24715bf5264e77371blobs6c8d4549,PUT,54394880
ae280635v24715bf52958c3568blobs4d21fddb,PUT,52412416
260f35e1v2e61a934aec3a72f3blobsc8900081,PUT,9240576
906357eav21b7abd9ef676b878manifests9a65e246,PUT,16384
786b3803v2634674f17f6d9190blobs256bdbab,PUT,238272512
260f35e1v23e712c1d2202921bblobs6121e4a0,PUT,13910016
786b3803v24715bf52958c3568blobsc8f46a24,PUT,2080768
906357eav2fd8f8db1e9680666blobs65f087fa,PUT,311296
786b3803v2dbe7d36cbf56ec42blobs6b39b752,PUT,32768
ae280635v2987f5d8165ef0a2eblobs86d033fb,PUT,1441792
ae280635v24715bf52f1a956c4blobsf292358a,PUT,671744
786b3803v23e712c1d2202921bblobs4ddc229b,PUT,11862016
786b3803v27db857d135117055blobsd2211955,PUT,13598720
906357eav24715bf52e97b21b3blobs0806e579,PUT,2949120
260f35e1v2d8c278fd788cd9d0blobsd6251098,PUT,16384
906357eav2987f5d816568b096blobsdfcd6986,PUT,22675456
260f35e1v2987f5d81ad3ea282blobseb1f7f2c,PUT,83247104
260f35e1v2a39005bca88d89c6blobs6b9bf863,PUT,23822336
260f35e1v24715bf52d8ee5cdablobs81e5ba9b,PUT,1982464
906357eav2dbe7d36cb3540033blobs05887a17,PUT,32768
786b3803v2dbe7d36ca48bbe32blobs25f6f3b9,PUT,78348288
ae280635v24715bf52e5f7a626blobs60fe3c4d,PUT,1916928
786b3803v2634674f17f6d9190blobs66435013,PUT,10272768
906357eav27db857d18c062139blobsd2211955,PUT,13598720
906357eav2a7a10a36296ded1ablobs055ea88b,PUT,43499520
786b3803v2634674f11c037e12blobs2804397c,PUT,294912
906357eav24715bf522de3f5fablobsfede26df,PUT,1900544
786b3803v21b7abd9e0f1d3222manifestsf4a0abbe,PUT,16384
786b3803v2579467ad9b00de2bblobs9e8e4dc5,PUT,15368192
906357eav2a2b1dffc0f1d3222manifests07150860,PUT,16384
786b3803v29e3a296a3c308e95blobsb90248d1,PUT,9879552
ae280635v2bb977c48blobsee531275,PUT,38174720
260f35e1v24715bf520190a5c8blobsd55f83c0,PUT,54394880
786b3803v24e551f22f676b878manifests0d0e8224,PUT,16384
906357eav2634674f17f6d9190blobs85c27079,PUT,19578880
906357eav24715bf52d06c2db5blobsfede26df,PUT,1900544
786b3803v24715bf5215ab958dblobs476d5299,PUT,655360
786b3803v2dbe7d36ca48bbe32blobs0a3e759a,PUT,737280
906357eav2634674f17f6d9190blobs7afc647e,PUT,7946240
906357eav2b97963efad81bd7cblobs1bad473d,PUT,2113536
ae280635v24715bf528f12f8beblobs39c803c6,PUT,10764288
786b3803v2d7b7aa44a7966eb0blobs5bdadaef,PUT,22904832
786b3803v2987f5d81ad3ea282blobsc9fafeb5,PUT,28442624
260f35e1v24715bf521b803c04blobsceee557d,PUT,2097152
ae280635v2d7b7aa44a7966eb0blobsa57672b4,PUT,16384
786b3803v24715bf52d06c2db5blobsfede26df,PUT,1900544
906357eav24715bf52e97b21b3blobsaf5ed350,PUT,9027584
ae280635v2987f5d81ad3ea282blobsa30c5d46,PUT,65536
260f35e1v2d7b7aa44a7966eb0blobs8349d548,PUT,10190848
260f35e1v24715bf52437c49dbblobs2c96e307,PUT,30720000
906357eav242663f802ec6d627blobs7504185a,PUT,23248896
ae280635v29343aaad667ee6aablobs00d5a111,PUT,65880064
ae280635v24715bf529623c6a8blobsd200f7aa,PUT,54394880
260f35e1v24715bf521b803c04blobsfba0c3a6,PUT,147456
260f35e1v2d8c278fd788cd9d0blobs44a5b96f,PUT,40943616
260f35e1v24715bf52d06c2db5blobsfede26df,PUT,1900544
260f35e1v274cba6057b465fc7blobs7304a4ea,PUT,5996544
906357eav24715bf5298b638a6blobs2bee5a5e,PUT,294912
260f35e1v287aff85e160b1b37blobs9d2192b1,PUT,43368448
906357eav2c5592c212a4f3530blobs36527d71,PUT,88801280
ae280635v2a2b1dffc0f1d3222manifests07150860,PUT,16384
ae280635v24715bf52e97b21b3blobsaf5ed350,PUT,9027584
ae280635v24715bf52d06c2db5blobsb1dc940b,PUT,819200
260f35e1v2c33d5e4dda97b715blobsb1f255c7,PUT,6062080
ae280635v24715bf5215ab958dblobs476d5299,PUT,655360
906357eav2987f5d814db2882eblobs0695f6ac,PUT,9371648
906357eav23e712c1d2202921bblobsbb648de0,PUT,42483712
ae280635v24715bf523464b00bblobsc0ddda2b,PUT,54394880
ae280635v24715bf52f87592f4blobsea9fcfeb,PUT,54394880
906357eav24715bf52f752ecd9blobscd8095ec,PUT,9388032
906357eav27db857d135117055blobse052cd92,PUT,1507328
906357eav2987f5d81373551fablobsc8b4823d,PUT,4734976
906357eav24715bf52437c49dbblobs2c96e307,PUT,30720000
906357eav2987f5d816568b096blobsd9638fb2,PUT,35553280
260f35e1v27db857d135117055blobs7f6b325e,PUT,1507328
ae280635v2b89d84c79311ee5dblobs2c8106c6,PUT,83017728
906357eav2dbe7d36c80222de2blobs85f06278,PUT,1146880
906357eav292fc6f56dc3a0f0bblobs71c89b4e,PUT,447889408
ae280635v2ddd5c753255ff65eblobs8bb72087,PUT,132939776
260f35e1v2a2b1dffc0f1d3222manifests07150860,PUT,16384
260f35e1v24715bf521774907eblobsde387b23,PUT,54394880
906357eav24715bf52958c3568blobs1c91392a,PUT,2310144
906357eav2634674f11c037e12blobs7c88a874,PUT,16384
260f35e1v24715bf528f12f8beblobs39c803c6,PUT,10764288
260f35e1v274cba6057b465fc7blobs722e98bf,PUT,52920320
786b3803v24715bf52e97b21b3blobsaf5ed350,PUT,9027584
ae280635v2dbe7d36c9802ca66blobs18c08064,PUT,151633920
786b3803v247cbd87430ad2d4cmanifests817c8a39,PUT,16384
906357eav24715bf52f752ecd9blobs4787608f,PUT,1900544
906357eav2634674f17f6d9190blobs66435013,PUT,10272768
260f35e1v24715bf52bf2c89b1blobs8e8d4793,PUT,17743872
906357eav2987f5d81f32a6402blobs0ed8e20c,PUT,1376256
260f35e1v2b89d84c79311ee5dblobs2c8106c6,PUT,83017728
786b3803v24715bf52cd976265blobs49b653d0,PUT,54394880
ae280635v2ddd5c753255ff65eblobsfac5f6c4,PUT,22102016
786b3803v24715bf52958c3568blobs322f7875,PUT,65536
906357eav2987f5d816568b096blobs719ed9d0,PUT,3981312
906357eav2a39005bca88d89c6blobsd0876265,PUT,110198784
906357eav2dbe7d36c80222de2blobs6c41dd6e,PUT,16580608
260f35e1v23e712c1d2202921bblobse1b99851,PUT,3817472
260f35e1v2a39005bca88d89c6blobs6353f9aa,PUT,671744
260f35e1v24715bf523cefaec7blobsf18a4db4,PUT,54394880
786b3803v2634674f1613de3f7blobs0602dc2a,PUT,16384
786b3803v2ce45f4554baf1f3fblobs3453360c,PUT,2899968
ae280635v29e3a296a276c1442blobsf343950e,PUT,458752
786b3803v24715bf52958c3568blobs1c91392a,PUT,2310144
786b3803v2987f5d81ad3ea282blobs9e5ec615,PUT,117899264
ae280635v2e4f1b1744255c284blobs09a4c5ee,PUT,42680320
906357eav2dbe7d36c3b89b11bblobsa52d0a5c,PUT,65536
260f35e1v24715bf52e97b21b3blobs376f456b,PUT,2490368
260f35e1v2d7b7aa44a7966eb0blobs6c688940,PUT,114688
260f35e1v24715bf521a935c4bblobs69b96128,PUT,54394880
ae280635v24715bf52bf2c89b1blobs8e8d4793,PUT,17743872
906357eav2e81ebc6af198c8f4blobs95a99808,PUT,1490944
ae280635v2a055ee1cea4bd9fbblobse313cafb,PUT,20398080
260f35e1v24715bf52aa90172eblobs5ccda255,PUT,1818624
906357eav2dbe7d36c3b89b11bblobsb8302d14,PUT,2785280
260f35e1v2d8c278fd788cd9d0blobsab2e02f8,PUT,16384
786b3803v24715bf525da982beblobs21fbd511,PUT,26443776
786b3803v24715bf52461d075bblobs81e5ba9b,PUT,1982464
260f35e1v24715bf52437c49dbblobsb1ca9623,PUT,16187392
786b3803v24715bf52437c49dbblobs46ce9891,PUT,86900736
260f35e1v2b89d84c79311ee5dblobs9eabcf06,PUT,170737664
906357eav24715bf52437c49dbblobsbb70daf8,PUT,29868032
786b3803v2dbe7d36c9cd71999blobs8bd93109,PUT,182452224
906357eav247cbd87430ad2d4cmanifests817c8a39,PUT,16384
ae280635v2c33d5e4dda97b715blobsdf512df0,PUT,49152
906357eav24715bf52a15e5707blobse75510c9,PUT,54394880
906357eav24715bf52f1a956c4blobsf292358a,PUT,671744
260f35e1v2ddd5c753255ff65eblobs6c3cc45d,PUT,21954560
260f35e1v2c33d5e4dda97b715blobsf9540629,PUT,5816320
786b3803v29343aaad667ee6aablobs1e7be412,PUT,357416960
906357eav24715bf52e97b21b3blobs376f456b,PUT,2490368
